{"cameraMode":{"drawMode":0,"name":"Shaded","section":"Shading Mode"},"sceneLighting":true,"audioPlay":false,"sceneViewState":{"showFog":true,"showMaterialUpdate":true,"showSkybox":true,"showFlares":true,"showImageEffects":true,"showParticleSystems":true},"in2DMode":false,"pivot":{"x":10.759162902832032,"y":-5.243967056274414,"z":-2.245852470397949},"rotation":{"x":0.7161757946014404,"y":-0.0020971186459064485,"z":0.0021516873966902496,"w":0.697916567325592},"size":24.263967514038087,"orthographic":false}